seq,label
MESNTMSSFQVDCFLWHIRKRFADNGLGDAPFLDRLRRDQKSLKGRGNTLGLDIKTATLVGKQIMEWILKEESSETLRMAIASVPTSRYISDMTLEEMSRDWFMLMPRQKIIGPLCVRLDQAVMDKNIVLEANFSVIFNRLETLILLRAFTEEGTIVGEISPLPSLPGHTYEDVKNAVGVLIGGLEWNGNTVRVSENIQRFAWRSCDENGRPSLPPEQK-----------,0.17
MESNTMSSFQVDCFLWHIRKRFADNGLGDAPFLDRLRRDQKSLKGRGNTLGLDIKTATLVGKQIVEWILKEESSETLRMTIASVPTSRYISDMTLEEMSRDWFMLMPRQKIIGPLCVRLDQAVMDKNIVLEANFSVIFNRLETLILLRAFTEEGAIVGEISPLPSLPGHTYEDVKNAVGVLIGGLEWNGNTVRVSENIQRFAWRSCDENGRPSLPPEQK-----------,0.36
MDPNTVSSFQVDCFLWHVRKRVADQELGDAPFLDRLRRDQKSLRGRGSTLGLDIETATRAGKQIVERILKEESDEALKMTMASVPASRYLTDMTLEEMSRDWSMLIPKQKVAGPLCIRMDQAIMDKNIILKANFSVIFDRLETLILLRAFTEEGAIVGEISPLPSLPGHTAEDVKNAVGVLIGGLEWNDNTVRVSETLQRFAWRSSNENGRPPLTPKQKREMAGTIRSEV,0.44
MESNTMSSFQVDCFLWHIRKRFADNGLGDAPFLDRLRRDQKSLKGRGNTLGLDIKTATLVGKQIVEWILKEESSETLRMTIASVPTSRYISDMTLEEMSRDWFMLMPRQKIIGPLCVRLDQAVMDKNIVLEANFSVIFNRLETLILLRAFTEEGAIVGEISPLPSLPGHTYEDVKNAVGVLIGGLEWNGNTVRVSENIQRFAWRSCDENGRPSLPPEQK-----------,0.63
MESNTMSSFQVDCFLWHIRKRFADNGLGDAPFLDRLRRDQKSLKGRGNTLGLDIKTATLVGKQIVEWILKEESSETLRMTIASVPTSRYISDMTLEEMSRDWFMLMPRQKTIGPLCVRLDQAVMDKNIVLEANFSVIFNRLETLILLRAFTEEGAIVGEISPLPSLPGHTYEDVKNAVGVLIGGLEWNGNTVRVSENIQRFAWRNCDENGRPSLPPEQK-----------,0.63
MESNTMSSFQVDCFLWHIRKRFADNGLGDAPFLDRLRRDQKSLKGRGNTLGLDIKTATLVGKQIVEWILKEESSETLRMTIASVPTSRYISDMTLEEMSRDWFMLMPRQKIIGPLCVRLDQAVMDKNIVLEANFSVIFNRLETLILLRAFTEEGAIVGEISPLPSLPGHTYEDVKNAVGVLIGGLEWNGNTIRVSENIQRFAWRSCDENGRPSLPPEQK-----------,0.64
MESNTMSSFQVDCFLWHIRKQFADNGLGDAPFLDRLRRDQKSLKGRGNTLGLDIKTATLVGKQIVEWILKEESSETLRMAIASVPTSRYISDMTLEEMSRDWFMLMPRQKIIGPLCVRLDQAVMDKNIVLEANFSVIFNRLETLILLRAFTEEGTIVGEISPLPSLPGHTYEDVKNAVGVLIGGLEWNGNTVRVSENIQRFAWRSCDENGRPSLPPEQK-----------,0.65
MESNTMSSFQVDCFLWHIRKRFADNGLGDAPFLDRLRRDQKSLKGRGNTLGLDIKTATLVGKQIVEWILKEESSETLRMAIASVPTSRYISDMTLEEMSRDWFMLMPRQKIIGPLCVRLDQAVMDKNIVLEANFSVIFNRLETLILLRAFTEEGTIVGEISPLPSLPGHTYEDVKNAVGVLIGGLEWNGNTVRVSENIQRFAWRSCDENGRPSLPPEQK-----------,0.68
MESNTMSSFQVDCFLWHIRKRFADNGLGDAPFLDRLRRDQKSLKGRGNTLGLDIKTATLVGKQIMEWILKEESSETLRMTIASVPTSRYISDMTLEEMSRDWFMLMPRQKIIGPLCVRLDQAVMDKNIVLEANFSVIFNRLETLILLRAFTEEGAIVGEISPLPSLPGHTYEDVKNAVGVLIGGLEWNGNTVRVSENIQRFAWRSCDENGRPSLPPEQK-----------,0.7
MESNTMSSFQVDCFLWHIRKRFADNGLGDAPFLDRLRRDQKSLKGRGNTLGLDIKTATLVGKQIVEWILKEESSETLRMTIASVPTSRYISDMTLEEMSRDWFMLMPRQKIIGPLCVRLDQAVMDKNIVLEANFSVIFNRLETLVLLRAFTEEGAIVGEISPLPSLPGHTYEDVKNAVGVLIGGLEWNGNTVRVSENIQRFAWRSCDENGRPSLPPEQK-----------,0.7
MESNTMSSFQVDCFLWHIRKRFADNGLGDAPFLDRLRRDQKSLKGRGNTLGLDIKTATLVGKQIVEWILKEESSETLRMAIASVPTSRYISDMTPEEMSRDWFMLMPRQKIIGPLCVRLDQAVMDKNIVLEANFSVIFNRLETLILLRAFTEEGTIVGEISPLPSLPGHTYEDVKNAVGVLIGGLEWNGNTVRVSENIQRFAWRSCDENGRPSLPPEQK-----------,0.71
MESNTMSSFQVDCFLWHIRKRFADNGLGDAPFLDRLRRDQKSLKGRGNTLGLDIKTATLVGKQIVEWILKEESSETLRMTIASVPTSRYISDMTLEEMSRDWFMLMPRQKIIGPLCVRLDQAVMDKNIVLEANFSVIFNRLETLILLRAFTEEGAIVGEISPLPSLPGHTYEDVKNAVGVLIGGLEWNGNTVRVSENIQRFAWRSCDENGRPSLPPEQK-----------,0.71
MESNTMSSFQVDCFLWHIRKRFADNGLGDAPFLDRLRRDQKSLKGRGNTLGLDIKTATLVGKQIVEWILKEESSETLRMAIASVPTSRYISDMTLEEMSRDWSMLMPRQKIIGPLCVRLDQAVMDKNIVLEANFSVIFNRLETLILLRAFTEEGTIVGEISPLPSLPGHTYEDVKNAVGVLIGGLEWNGNTVRVSENIQRFAWRSCDENGRPSLPPEQK-----------,0.72
MESNTMSSFQVDCFLWHIRKRFADNGLGDAPFLDRLRRDQKSLKGRGNTLGLDIKTATLVGKQIVEWILKEESSETLRMAIASVPTSRYISDMTLEEMSRDWFMLMPRQKIIGPLCVRLDQAVMDKNIVLEANFSVIFNRLETLILLRAFTEEGTIVGEISPLPSLPGHTYEDVKNAVGVLIGGLEWNGNTVRVSENIQRFAWRSCDENGRPSLPPEQK-----------,0.76
MESNTMSSFQVDCFLWHIRKRFADNGLGDAPFLDRLRRDQKSLKGRGNTLGLDIKTATLVGKQIVEWILKEESSETLRMAIASVPTSRYISDMTPEEMSRDWFMLMPRQKIIGPLCVRLDQAVMDKNIVLEANFSVIFNRLETLILLRAFTEEGTIVGEISPLPSLPGHTYEDVKNAVGVLIGGLEWNGNTVRVSENIQRFAWRSCDENGRPSLSPEQK-----------,0.78
MESNTMSSFQVDCFLWHIRKRFADNGLGDAPFLDRLRRDQKSLKGRGNTLGLDIKTATLVGKQIVEWILKEESSETLRMTIASVPTSRYISDMTLEEMSRDWFMLMPRQKIIGPLCVRLDQAVMDKNIVLEANFSVIFNRLETLILLRAFTEEGAIVGEISPLPSLPGHTYEDVKNAVGVLIGGLEWNGNTVRVSENIQRFAWRSCDKNGRPSLPPEQK-----------,0.79
MESNTMSSFQVDCFLWHIRKRFADNGLGDAPFLDRLRRDQKSLKGRGNTLGLDIKTATLVGKQIVEWILKEESSETLRMTIASVPTSRYISDMTLEEMSRDWFMLMPRQKIIGPLCVRLDQAVMDKNIVLEANFSVIFNRLETLILLRAFTEEGAIVGEISPLPSLPGHTYEDVKNAVGVLIGGLEWNGNTVRVSENIQRFAWRSCDENGRPSLPPEQK-----------,0.8
MESNTMSSFQVDCFLWHIRRRFADNGLGDAPFLDRLRRDQKSLKGRGNTLGLDIKTATLVGKQIVEWILKEESSETLRMTIASVPTSRYISDMTLEEMSRDWFMLMPRQKIIGPLCVRLDQAVMDKNIVLEANFSVIFNRLETLILLRAFTEEGAIVGEISPLPSLPGHTYEDVKNAVGVLIGGLEWNGNTVRVSENIQRFAWRSCDENGRPSLPPEQK-----------,0.82
MESNTMSSFQVDCFLWHIRKRFADNGLGDAPFLDRLRRDQKSLKGRGNTLGLDIKTATLVGKQIVEWILKEESSETLRMAIASVPTSRYISDMTLEEMSRDWFMLMPRQKIIGPLCVRLDQAVMDKNIVLEANFSVIFNRLETLILLRAFTEEGTIVGEISPLPSLPGHTYEDVKNAVGVLIGGLEWNGNTVRVSENIQRFAWRSCDENGRPSLPPEQK-----------,0.82
MESNTMSSFQVDCFLWHIRKRFADNGLGDAPFLDRLRRDQKSLKGRGNTLGLDIKTATLVGKQIVEWILKEESSETLRMAIASVPTSRYISDMTLEEMSRDWFMLMPRQKIIGPLCVRLDQAVMDKNIVLEANFSVIFNRLETLILLRAFTEEGTIVGEISPLPSLPGHTYEDVKNAVGVLIGGLEWNGNTVRVSENIQRFAWRSCDENGRPSLPPEQK-----------,0.82
MESNTMSSFQVDCFLWHIRKRFADNGLGDAPFLDRLRRDQKSLKGRGNTLGLDIKTATLVGKQIVEWILKEESSETLRMTIASVPTSRYISDMTLEEMSRDWFMLMPRQKIIGPLCVRLDQAVMDKNIVLEANFSVIFNRLETLILLRAFTEEGAIVGEISPLPSLPGHTYEDVKNAVGVLIGGLEWNGNTVRVSENIQRFAWRSCDENGRPSLPPEQK-----------,0.83
MESNTMSSFQVDCFLWHIRKRFADNGLGDAPFLDRLRRDQKSLKGRGNTLGLDIKTATLVGKQIVEWILKEESSETLRMAIASVPTSRYISDMTLEEMSRDWFMLMPRQKIIGPLCVRLDQAVMDKNIVLEANFSVIFNRLEALILLRAFTEEGTIVGEISPLPSLPGHTYENVKNAVGVLIGGLEWNGNTVRVSENIQRFAWRSCDENGRPSLPPEQK-----------,0.85
MESNTMSSFQVDCFLWHIRKRFADNGLGDAPFLDRLRRDQKSLKGRGNTLGLDIKTATLVGKQIVEWILKEESSETLRMTIASVPTSRYISDMTLEEMSRDWFMLMPRQKIIGPLCVRLDQAVMDKNIVLEANFSVIFNRLETLILLRAFTEEGAIVGEISPLPSLPGHTYEDVKNAVGVLIGGLEWNGNTVRVSENIQRFAWRSCDENGRPSLPPEQK-----------,0.86
MESNTMSSFQVDCFLWHIRKRFADNGLGDAPFLDRLRRDQKSLKGRGNTLGLDIKTATLVGKQIVEWILKEESSETLRMAIASVPTSRYISDMTLEEMSRDWFMLMPRQKIIGPLCVRLDQAVMDKNIVLEANFSVIFNRLETLVLLRAFTEEGTIVGEISPLPSLPGHTYEDVKNAVGVLIGGLEWNGNTVRVSENIQRFAWRSCDENGRPSLPPEQK-----------,0.87
MESNTMSSFQVDCFLWHIRKRFADNGLGDAPFLDRLRRDQKSLKGRGNTLGLDIKTATLVGKQIVEWILKEESSETLRMTIASVPTSRYISDMTLEEMSRDWFMLMPRQKIIGPLCVRLDQAVMDKNIVLEANFSVIFNRLETLILLRAFTEEGAIVGEISPLPSLPGHTYEDVKNAVGVLIGGLEWNGNTIRVSENIQRFAWRSCDENGRPSLPPEQK-----------,0.89
MESNTMSSFQVDCFLWHIRKRFADNGLGDAPFLDRLRRDQKSLKGRGNTLGLDIKTATLVGKQIVEWILKEESSETLRMAIASVPTSRYISDMTLEEMSRDWFMLMPRQKIIGPLCVRLDQAVMDKNIVLEANFSVIFNRLETLILLRAFTEEGTIVGEISPLPSLPGHTYEDVKNAVGVLIGGLEWNGNTVRVSENIQRFAWRSCDENGRPSLPPEQK-----------,0.9
MESNTMSSFQVDCFLWHIRKRFADNGLGDAPFLDRLRRDQKSLKGRGNTLGLDIKTATLVGKQIVEWILKEESSETLRMTIASVPTSRYISDMTLEEMSRDWFMLMPRQKIIGPLCVRLDQAVMDKNIVLEANFSVIFNRLETLILLRAFTEEGAIVGEISPLPSLPGHTYEDVKNAVGVLIGGLEWNGNTVRVSENIQRFAWRSCDENGRPSLPPEQK-----------,0.95
MESNTMSSFQVDCFLWHIRKRFADNGLGDAPFLDRLRRDQKSLKGRGNTLGLDIKTATLVGKQIVEWILKEESSETLRMTIASVPTSRYISDMTLEEMSRDWFMLMPRQKIIGPLCVRLDQAVMDKNIVLEANFSVIFNRLETLILLRAFTEEGAIVGEISPLPSLPGHTYEDVKNAVGVLIGGLEWNGNTVRVSENIQRFAWRSCDENGRPSLPPEQK-----------,0.97
MESNTMSSFQVDCFLWHIRKRFADNGLGDAPFLDRLRRDQKSLKGRGNTLGLDIKTATLVGKQIVEWILKEESSETLRMTIASVPTSRYISDMTLEEMSRDWFMLMPRQKIIGPLCVRLDQAVMDKNIVLEANFSVIFNRLETLILLRAFTEEGAIVGEISPLPSLPGHTYEDVKNAVGVLIGGLEWNGNTVRVSENIQRFAWRSCDENGRPSLPPEQK-----------,0.98
MESNTMSSFQVDCFLWHIRKRFADNGLGDAPFLDRLRRDQKSLKGRGNTLGLDIKTATLVGKQIVEWILKEESSETLRMTIASVPTSRYISDMTLEEMSRDWFMLMPRQKIIGPLCVRLDQAVMDKNIVLEANFSVIFNRLETLILLRAFTEEGAIVGEISPLPSLPGHTYEDVKNAVGVLIGGLEWNGNTVRVSENIQRFAWRSCDENGRPSLPPEQK-----------,1.06
MESNTMSSFQVDCFLWHIRKRFADNGLGDAPFLDRLRRDQKSLKGRGNTLGLDIKTATLVGKQIVEWILKEESSETLRMAIASVPTSRYISDMTLEEMSRDWFMLMPRQKIIGPLCVRLDQAVMDKNIVLEANFSVIFNRLETLILLRAFTEEGTIVGEISPLPSLPGHTYEDVKNAVGVLIGGLEWNGNTVRVSENIQRFAWRSCDENGRPSLPPEQK-----------,1.07
MESNTMSSFQVDCFLWHIRKRFADNGLGDAPFLDRLRRDQKSLKGRGNTLGLDIKTATLVGKQIVEWILKEESSETLRMTIASVXTSRYISDMTLEEMSRDWFMLMPRQKIIGPLCVRLDQAVMDKNIVLEANFSVIFNRLETLILLRAFTEEGAIVGEISPLPSLPGHTYEDVKNAVGVLIGGLEWNGNTVRVSENIQRFAWRSCDENGRPSLPPEQK-----------,1.1
MESNTMSSFQVDCFLWHVRKRFADNGLGDAPFLDRLRRDQKSLKGRGNTLGLDIKTATLVGKQIVEWILKEESSETLRMTIASVPTSRYISDMTLEEMSRDWFMLMPRQKIIGPLCVRLDQAVMDKNIVLEANFSVIFNRLETLILLRAFTEEGAIVGEISPLPSLPGHTYEDVKNAVGVLIGGLEWNGNTVRVSENIQRFAWRSCDENGRPSLPPEQK-----------,1.12
MESNTMSSFQVDCFLWHIRKRFADNGLGDAPFLDRLRRDQKSLKGRGNTLGLDIKTATLVGKLIVEWILKEESSETLRMAIASVPTSRYISDMTLEEMSRDWFMLMPRQKIIGPLCVRLDQAVMDKNIVLEANFSVIFNRLETLILLRAFTEEGTIVGEISPLPSLPGHTYEDVKNAVGVLIGGLEWNGNTVRVSENIQRFAWRSCDENGRPSLPPEQK-----------,1.12
MESNTMSSFQVDCFLWHIRKRFADNGLGDAPFLDRLRRDQKSLKGRGNTLGLDIKTATLVGKQIVEWILKEESSETLRMTIASVPTSRYISDMTLEEMSRDWFMLMPRQKIIGPLCVRLDQAVMDKNIVLEANFSVIFNRLETLILLRAFTEEGAIVGEISPLPSLPGHTYEDVKNAVGVLIGGLEWNGNTVRVSENIQRFAWRSCDENGRPSLPPEQK-----------,1.13
MESNTMSSFQVDCFLWHIRKRFADNGLGDAPFLDRLRRDQKSLKGRGNTLGLDIKTATLVGKQIVEWILKEESSETLRMAIASVPTSRYISDMTLEEMSRDWFMLMPRQKIIGPLCVRLDQAVMDKNIVLEANFSVIFNRLETLILLRAFTEEGTIVGEISPLPSLPGHTYEDVKNAVGVLIGGLEWNGNTVRVSENIQRFAWRSCDENGRPSLPPEQK-----------,1.13
MESNTMSSFQVDCFLWHIRKRFADNGLGDAPFLDRLRRDQKSLKGRGNTLGLDIKTATLVGKQIVEWILKEESSETLRMTIASVPTSRYISDMTLEEISRDWFMLMPRQKIIGPLCVRLDQAVMDKNIVLEANFSVIFNRLETLILLRAFTEEGAIVGEISPLPSLPGHTYEDVKNAVGVLIGGLEWNGNTVRVSENIQRFAWRSCDENGRPSLPPEQK-----------,1.18
MESNTMSSFQVDCFLWHIRKRFADNGLGDAPFLDRLRRDQKSLKGRGNTLGLDIKTATLVGKQIVEWILKEESSETLRMAIASVPTSRYISDMTLEEMSRDWFMLMPRQKIIGPLCVRLDQAVMDKNIVLEANFSVIFNRLETLILLRAFTEEGTIVGEISPLPSLPGHTYEDVKNAVGVLIGGLEWNGNTVRVSENIQRFAWRSCDENGRPSLPPEQK-----------,1.18
MESNTMSSFQVDCFLWHIRKRFADNGLGDAPFLDRLRRDQKSLKGRGNTLGLDIKTATLVGKQIVEWILKEESSETLRMTIASVPTSRYISDMTLEEMSRDWFMLMPRQKIIGPLCVRLDQAVMDKNIVLEANFSVIFNRLETLILLRAFTEEGAIVGEISPLPSLPGHTYEDVKNAVGVLIGGLEWNGNTVRVSENIQRFAWRSCDENGRPSLPPEQK-----------,1.19
MESNTMSSFQVDCFLWHIRKRFADNGLGDAPFLDRLRRDQKSLKGRGNTLGLDIKTATLVGKQIVEWILKEESSETLRMTIASVPTSRYISDMTLEEMSRDWFMLMPRQKIIGPLCVRLDQAVMDKNIVLEANFSVIFNRLETLILLRAFTEEGAIVGEISPLPSLPGHTYEDVKNAVGVLIGGLEWNGNTVRVSENIQRFAWRSCDENGRPSLPPEQK-----------,1.23
MESNTMSSFQVDCFLWHIRKRFADNGLGDAPFLDRLRRDQKSLKGRGNTLGLDIKTATLVGKQIVEWILKEESSETLRMTIASVPTSRYISDMTLEEMSRDWFMLMPRQKIIGPLCVRLDQAVMDKNIVLEANFSVIFNRLETLILLRAFTEEGAIVGEISPLPSLPGHTYEDVKNAVGVLIGGLEWNGNTVRVSENIQRFAWRSCDENGRPSLPPEQK-----------,1.26
MESNTMSSFQVDCFLWHIRKRFADNGLGDAPFLDRLRRDQKSLKGRGNTLGLDIKTATLVGKQIVEWILKEESSETLRMTIASVPTSRYISDMTLEEMSRDWFMLMPRQKIIGPLCVRLDQAVMDKNIVLEANFSVIFNRLETLILLRAFTEEGAIVGEISPLPSLPGHTYEDVKNAVGVLIGGLEWNGNTVRVSENIQRFAWRSCDENGRPSLPPEQK-----------,1.26
MDPNTVSSFQVDCFLWHVRKRVADQELGDAPFLDRLRRDQKSLRGRGSTLGLDIETATRAGKQIVERILKEESDEALKMTMASVPASRYLTDMTLEEMSRDWSMLIPKQKVAGPLCIRMDQAIMDKNIILKANFSVIFDRLETLILLRAFTEEGAIVGEISPLPSLPGHTAEDVKNAVGVLIGGLEWNDNTVRVSETLQRFAWRSSNENGRPPLTPKQKREMAGTIRSEV,1.28
MESNTMSSFQVDCFLWHIRKRFADNGLGDAPFLDRLRRDQKSLKGRGNTLGLDIKTATLVGKQIVEWILKEESSETLRMAIASVPTSRYISDMTLEEMSRDWFMLMPRQKIIGPLCVRLDQAVMDKNIVLEANFSVIFNRLETLILLRAFTEEGTIVGEISPLPSLPGHTHEDVKNAVGVLIGGLEWNGNTVRVSENIQRFAWRSCDENGRPSLPPEQK-----------,1.31
MESNTMSSFQVDCFLWHIRKRFADNGLGDAPFLDRLRRDQKSLKGRGNTLGLDIKTATLVGKQIVEWILKEESSETLRMTIASVPTSRYISDMTLEEMSRDWFMLMPRQKIIGPLCVRLDQAVMDKNIVLEANFSVIFNRLETLILLRAFTEEGAIVGEISPLPSLPGHTYEDVKNAVGVLIGGLEWNGNTVRVSENIQRFAWRSCDENGRPSLPPEQK-----------,1.38
MESNTMSSFQVDCFLWHIRKRFADNGLGDAPFLDRLRRDQKSLKGRGNTLGLDIKTATLVGKQIVEWILKEESSETLRMAIASVPTSRYISDMTLEEMSRDWFMLMPRQKIIGPLCVRLDQAVMDKNIVLEANFSVIFNRLETLILLRAFTEEGTIVGEISPLPSLPGHTYEDVKNAVGVLIGGLEWNGNTVRVSENIQRFAWRSCDENGRPSLPPEQK-----------,1.42
MESNTMSSFQVDCFLWHIRKRFADNGLGDAPFLDRLRRDQKSLKGRGNTLGLDIKTATLVGKQIVEWILKEESSETLRMTIASVPTSRYISDMTLEEMSRDWFMLMPRQQIIGPLCVRLDQAVMDKNIVLEANFSVIFNRLETLILLRAFTEEGAIVGEISPLPSLPGHTYEDVKNAVGVLIGGLEWNGNTVRVSENIQRFAWRSCDENGRPSLPPEQK-----------,1.43
MESNTMSSFQVDCFLWHIRKRFADNGLGDAPFLDRLRRDQKSLKGRGNTLGLDIKTATLVGKQIVEWILKEESSETLRMTIASVPTSRYISDMTLEEMSRDWFMLMPRQKIIGPLCVRLDQAVMDKNIVLEANFSVIFNRLETLILLRAFTEEEAIVGEISPLPSLPGHTYEDVKNAVGVLIGGLEWNGNTVRVSENIQRFAWRSCDENGRPSLPPEQK-----------,1.54
MESNTMSSFQVDCFLWHIRKRFADNGLGDAPFLDRLRRDQKSLKGRGNTLGLDIKTATLVGKQIVEWILKEESSETLRMTIASVPTSRYISDMTLEEMSRDWFMLVPRQKIIGPLCVRLDQAVMDKNIVLEANFSVIFNRLETLILLRAFTEEGAIVGEISPLPSLPGHTYEDVKNAVGVLIGGLEWNGNTVRVSENIQRFAWRSCDENGRPSLPPEQK-----------,1.61
MESNTMSSFQVDCFLWHIRKRFADNGLGDAPFLDRLRRDQKSLKGRGNTLGLDIKTATLVGKQVVEWILKEESSETLRMAIASVPTSRYISDMTLEEMSRDWFMLMPRQKIIGPLCVRLDQAVMDKNIVLEANFSVIFNRLETLILLRAFTEEGTIVGEISPLPSLPGHTYEDVKNAVGVLIGGLEWNGNTVRVSENIQRFAWRSCDENGRPSLPPEQK-----------,1.8
MESNTMSSFQVDCFLWHIRKRFADNGLGDAPFLDRLRRDQKSLKGRGNTLGLDIKTATLVGKQIVEWILKEESSETLRMTIASVPTSRYISDMTLEEMSRDWFMLMPRQKIIGPLCVRLDQAVMDKNIVLEANFSVIFNRLETLILLRAFTEEGAIVGEISPLPSLPGHTYEDVKNAVGVLIGGLEWNGNTVRVSENIQRFAWRSCDENGRPSLPPEQK-----------,2.39